19/10/2020;07:30;002AK2212010003010
19/10/2020;07:31;002AK2212010003011
19/10/2020;07:32;002AK2212010003012
19/10/2020;07:35;002AK2212010003013
19/10/2020;07:35;002AK2212010003014
19/10/2020;07:49;002AK2212010003015
19/10/2020;07:59;002AK2212010003016
19/10/2020;08:04;002AK2212010003017
19/10/2020;08:10;002AK2212010003018
19/10/2020;08:17;002AK2212010003019
19/10/2020;08:18;002AK2212010003020
19/10/2020;08:26;002AK2212010003021
19/10/2020;08:37;002AK2212010003022
19/10/2020;08:43;002AK2212010003023
19/10/2020;08:47;002AK2212010003024
19/10/2020;08:48;002AK2212010003025
19/10/2020;08:58;002AK2212010003026
19/10/2020;09:00;002AK2212010003027
19/10/2020;09:12;002AK2212010003028
19/10/2020;09:22;002AK2212010003029
19/10/2020;09:23;002AK2212010003030
19/10/2020;09:25;002AK2212010003031
19/10/2020;09:27;002AK2212010003032
19/10/2020;09:28;002AK2212010003033
19/10/2020;09:36;002AK2212010003034
19/10/2020;09:39;002AK2212010003035
19/10/2020;09:43;002AK2212010003036
19/10/2020;09:43;002AK2212010003037
19/10/2020;09:59;002AK2212010003038
19/10/2020;10:12;002AK2212010003039
19/10/2020;10:16;002AK2212010003040
19/10/2020;10:31;002AK2212010003041
19/10/2020;10:44;002AK2212010003042
19/10/2020;10:53;002AK2212010003043
19/10/2020;10:59;002AK2212010003044
19/10/2020;11:03;002AK2212010003045
19/10/2020;11:05;002AK2212010003046
19/10/2020;11:06;002AK2212010003047
19/10/2020;11:13;002AK2212010003048
19/10/2020;11:26;002AK2212010003049
19/10/2020;11:28;002AK2212010003050
19/10/2020;11:36;002AK2212010003051
19/10/2020;11:36;002AK2212010003052
19/10/2020;11:39;002AK2212010003053
19/10/2020;11:41;002AK2212010003054
19/10/2020;11:43;002AK2212010003055
19/10/2020;11:44;002AK2212010003056
19/10/2020;11:48;002AK2212010003057
19/10/2020;11:50;002AK2212010003058
19/10/2020;11:50;002AK2212010003059
19/10/2020;11:51;002AK2212010003060
19/10/2020;11:53;002AK2212010003061
19/10/2020;11:56;002AK2212010003062
19/10/2020;12:01;002AK2212010003063
19/10/2020;12:07;002AK2212010003064
19/10/2020;12:10;002AK2212010003065
19/10/2020;12:16;002AK2212010003066
19/10/2020;12:18;002AK2212010003067
19/10/2020;12:20;002AK2212010003068
19/10/2020;12:22;002AK2212010003069
19/10/2020;12:37;002AK2212010003070
19/10/2020;12:39;002AK2212010003071
19/10/2020;12:43;002AK2212010003072
19/10/2020;12:46;002AK2212010003073
19/10/2020;12:47;002AK2212010003074
19/10/2020;12:48;002AK2212010003075
19/10/2020;13:01;002AK2212010003076
19/10/2020;13:03;002AK2212010003077
19/10/2020;13:06;002AK2212010003078
19/10/2020;13:07;002AK2212010003079
19/10/2020;13:11;002AK2212010003080
19/10/2020;13:13;002AK2212010003081
19/10/2020;13:18;002AK2212010003082
19/10/2020;13:20;002AK2212010003083
19/10/2020;13:24;002AK2212010003084
19/10/2020;13:40;002AK2212010003085
19/10/2020;13:42;002AK2212010003086
19/10/2020;13:45;002AK2212010003087
19/10/2020;13:46;002AK2212010003088
19/10/2020;14:02;002AK2212010003089
19/10/2020;14:19;002AK2212010003090
19/10/2020;14:20;002AK2212010003091
19/10/2020;14:24;002AK2212010003092
19/10/2020;14:35;002AK2212010003093
19/10/2020;14:44;002AK2212010003094
19/10/2020;14:47;002AK2212010003095
19/10/2020;14:57;002AK2212010003096
19/10/2020;15:03;002AK2212010003097
19/10/2020;15:07;002AK2212010003098
19/10/2020;15:09;002AK2212010003099
19/10/2020;15:12;002AK2212010003100
19/10/2020;15:16;002AK2212010003101
19/10/2020;15:20;002AK2212010003102
19/10/2020;15:21;002AK2212010003103
19/10/2020;15:25;002AK2212010003104
19/10/2020;15:26;002AK2212010003105
19/10/2020;15:27;002AK2212010003106
19/10/2020;15:30;002AK2212010003107
19/10/2020;15:30;002AK2212010003108
19/10/2020;15:38;002AK2212010003109
19/10/2020;15:45;002AK2212010003110
19/10/2020;15:51;002AK2212010003111
19/10/2020;16:07;002AK2212010003112
19/10/2020;16:09;002AK2212010003113
19/10/2020;16:21;002AK2212010003114
19/10/2020;16:22;002AK2212010003115
19/10/2020;16:26;002AK2212010003116
19/10/2020;16:31;002AK2212010003117
19/10/2020;16:32;002AK2212010003118
19/10/2020;16:36;002AK2212010003119
19/10/2020;16:48;002AK2212010003120
19/10/2020;16:51;002AK2212010003121
19/10/2020;16:56;002AK2212010003122
19/10/2020;17:00;002AK2212010003123
19/10/2020;17:03;002AK2212010003124
19/10/2020;17:05;002AK2212010003125
19/10/2020;17:10;002AK2212010003126
19/10/2020;17:15;002AK2212010003127
19/10/2020;17:21;002AK2212010003128
19/10/2020;17:35;002AK2212010003129
19/10/2020;17:37;002AK2212010003130
19/10/2020;17:39;002AK2212010003131
19/10/2020;17:41;002AK2212010003132
19/10/2020;17:52;002AK2212010003133
19/10/2020;18:03;002AK2212010003134
19/10/2020;18:15;002AK2212010003135
19/10/2020;18:19;002AK2212010003136
19/10/2020;18:23;002AK2212010003137
19/10/2020;18:26;002AK2212010003138
19/10/2020;18:31;002AK2212010003139
19/10/2020;18:33;002AK2212010003140
19/10/2020;18:36;002AK2212010003141
19/10/2020;18:39;002AK2212010003142
19/10/2020;18:42;002AK2212010003143
19/10/2020;18:49;002AK2212010003144
19/10/2020;18:52;002AK2212010003145
19/10/2020;18:59;002AK2212010003146
19/10/2020;19:00;002AK2212010003147
19/10/2020;19:01;002AK2212010003148
19/10/2020;19:17;002AK2212010003149
19/10/2020;19:19;002AK2212010003150
19/10/2020;19:21;002AK2212010003151
19/10/2020;19:22;002AK2212010003152
19/10/2020;19:24;002AK2212010003153
19/10/2020;19:25;002AK2212010003154
19/10/2020;19:33;002AK2212010003155
19/10/2020;19:39;002AK2212010003156
19/10/2020;19:42;002AK2212010003157
19/10/2020;19:55;002AK2212010003158
19/10/2020;19:57;002AK2212010003159
19/10/2020;20:00;002AK2212010003160
19/10/2020;20:01;002AK2212010003161
19/10/2020;20:04;002AK2212010003162
19/10/2020;20:09;002AK2212010003163
19/10/2020;20:23;002AK2212010003164
19/10/2020;20:25;002AK2212010003165
19/10/2020;20:26;002AK2212010003166
19/10/2020;20:27;002AK2212010003167
19/10/2020;20:30;002AK2212010003168
19/10/2020;20:39;002AK2212010003169
19/10/2020;20:40;002AK2212010003170
19/10/2020;20:47;002AK2212010003171
19/10/2020;20:52;002AK2212010003172
19/10/2020;20:54;002AK2212010003173
19/10/2020;20:56;002AK2212010003174
19/10/2020;20:56;002AK2212010003175
19/10/2020;20:57;002AK2212010003176
19/10/2020;20:58;002AK2212010003177
19/10/2020;21:17;002AK2212010003178
20/10/2020;07:22;002AK2212010003179
20/10/2020;07:26;002AK2212010003180
20/10/2020;07:28;002AK2212010003181
20/10/2020;07:30;002AK2212010003182
20/10/2020;07:32;002AK2212010003183
20/10/2020;07:32;002AK2212010003184
20/10/2020;07:34;002AK2212010003185
20/10/2020;07:39;002AK2212010003186
20/10/2020;07:45;002AK2212010003187
20/10/2020;07:49;002AK2212010003188
20/10/2020;07:51;002AK2212010003189
20/10/2020;08:04;002AK2212010003190
20/10/2020;08:06;002AK2212010003191
20/10/2020;08:07;002AK2212010003192
20/10/2020;08:28;002AK2212010003193
20/10/2020;08:31;002AK2212010003194
20/10/2020;08:32;002AK2212010003195
20/10/2020;08:32;002AK2212010003196
20/10/2020;08:43;002AK2212010003197
20/10/2020;08:53;002AK2212010003198
20/10/2020;08:55;002AK2212010003199
20/10/2020;08:56;002AK2212010003200
20/10/2020;08:57;002AK2212010003201
20/10/2020;08:58;002AK2212010003202
20/10/2020;08:59;002AK2212010003203
20/10/2020;09:03;002AK2212010003204
20/10/2020;09:07;002AK2212010003205
20/10/2020;09:10;002AK2212010003206
20/10/2020;09:13;002AK2212010003207
20/10/2020;09:23;002AK2212010003208
20/10/2020;09:34;002AK2212010003209
20/10/2020;09:35;002AK2212010003210
20/10/2020;09:36;002AK2212010003211
20/10/2020;09:38;002AK2212010003212
20/10/2020;09:51;002AK2212010003213
20/10/2020;09:52;002AK2212010003214
20/10/2020;09:54;002AK2212010003215
20/10/2020;09:57;002AK2212010003216
20/10/2020;10:06;002AK2212010003217
20/10/2020;10:09;002AK2212010003218
20/10/2020;10:10;002AK2212010003219
20/10/2020;10:12;002AK2212010003220
20/10/2020;10:14;002AK2212010003221
20/10/2020;10:14;002AK2212010003222
20/10/2020;10:16;002AK2212010003223
20/10/2020;10:18;002AK2212010003224
20/10/2020;10:31;002AK2212010003225
20/10/2020;10:31;002AK2212010003226
20/10/2020;10:41;002AK2212010003227
20/10/2020;10:46;002AK2212010003228
20/10/2020;10:47;002AK2212010003229
20/10/2020;10:56;002AK2212010003230
20/10/2020;10:59;002AK2212010003231
20/10/2020;11:02;002AK2212010003232
20/10/2020;11:07;002AK2212010003233
20/10/2020;11:08;002AK2212010003234
20/10/2020;11:09;002AK2212010003235
20/10/2020;11:10;002AK2212010003236
20/10/2020;11:10;002AK2212010003237
20/10/2020;11:11;002AK2212010003238
20/10/2020;11:16;002AK2212010003239
20/10/2020;11:18;002AK2212010003240
20/10/2020;11:19;002AK2212010003241
20/10/2020;11:20;002AK2212010003242
20/10/2020;11:25;002AK2212010003243
20/10/2020;11:28;002AK2212010003244
20/10/2020;11:30;002AK2212010003245
20/10/2020;11:31;002AK2212010003246
20/10/2020;11:32;002AK2212010003247
20/10/2020;11:33;002AK2212010003248
20/10/2020;11:35;002AK2212010003249
20/10/2020;11:39;002AK2212010003250
20/10/2020;11:50;002AK2212010003251
20/10/2020;11:51;002AK2212010003252
20/10/2020;11:52;002AK2212010003253
20/10/2020;11:55;002AK2212010003254
20/10/2020;11:56;002AK2212010003255
20/10/2020;11:57;002AK2212010003256
20/10/2020;12:08;002AK2212010003257
20/10/2020;12:18;002AK2212010003258
20/10/2020;12:30;002AK2212010003259
20/10/2020;12:39;002AK2212010003260
20/10/2020;12:41;002AK2212010003261
20/10/2020;12:47;002AK2212010003262
20/10/2020;12:48;002AK2212010003263
20/10/2020;13:03;002AK2212010003264
20/10/2020;13:06;002AK2212010003265
20/10/2020;13:09;002AK2212010003266
20/10/2020;13:09;002AK2212010003267
20/10/2020;13:13;002AK2212010003268
20/10/2020;13:13;002AK2212010003269
20/10/2020;13:16;002AK2212010003270
20/10/2020;13:20;002AK2212010003271
20/10/2020;13:25;002AK2212010003272
20/10/2020;13:34;002AK2212010003273
20/10/2020;13:51;002AK2212010003274
20/10/2020;14:00;002AK2212010003275
20/10/2020;14:13;002AK2212010003276
20/10/2020;14:20;002AK2212010003277
20/10/2020;14:21;002AK2212010003278
20/10/2020;14:24;002AK2212010003279
20/10/2020;14:26;002AK2212010003280
20/10/2020;14:28;002AK2212010003281
20/10/2020;14:33;002AK2212010003282
20/10/2020;14:40;002AK2212010003283
20/10/2020;14:52;002AK2212010003284
20/10/2020;14:55;002AK2212010003285
20/10/2020;15:02;002AK2212010003286
20/10/2020;15:08;002AK2212010003287
20/10/2020;15:12;002AK2212010003288
20/10/2020;15:26;002AK2212010003289
20/10/2020;15:27;002AK2212010003290
20/10/2020;15:30;002AK2212010003291
20/10/2020;15:33;002AK2212010003292
20/10/2020;15:46;002AK2212010003293
20/10/2020;15:58;002AK2212010003294
20/10/2020;16:01;002AK2212010003295
20/10/2020;16:01;002AK2212010003296
20/10/2020;16:04;002AK2212010003297
20/10/2020;16:24;002AK2212010003298
20/10/2020;16:29;002AK2212010003299
20/10/2020;16:30;002AK2212010003300
20/10/2020;16:32;002AK2212010003301
20/10/2020;16:35;002AK2212010003302
20/10/2020;16:48;002AK2212010003303
20/10/2020;17:00;002AK2212010003304
20/10/2020;17:09;002AK2212010003305
20/10/2020;17:10;002AK2212010003306
20/10/2020;17:12;002AK2212010003307
20/10/2020;17:13;002AK2212010003308
20/10/2020;17:16;002AK2212010003309
20/10/2020;17:20;002AK2212010003310
20/10/2020;17:26;002AK2212010003311
20/10/2020;17:29;002AK2212010003312
20/10/2020;17:39;002AK2212010003313
20/10/2020;17:49;002AK2212010003314
20/10/2020;17:51;002AK2212010003315
20/10/2020;18:18;002AK2212010003316
20/10/2020;18:21;002AK2212010003317
20/10/2020;18:22;002AK2212010003318
20/10/2020;18:37;002AK2212010003319
20/10/2020;18:46;002AK2212010003320
20/10/2020;18:56;002AK2212010003321
20/10/2020;19:01;002AK2212010003322
20/10/2020;19:10;002AK2212010003323
20/10/2020;19:14;002AK2212010003324
20/10/2020;19:19;002AK2212010003325
20/10/2020;19:22;002AK2212010003326
20/10/2020;19:28;002AK2212010003327
20/10/2020;19:36;002AK2212010003328
20/10/2020;19:40;002AK2212010003329
20/10/2020;19:49;002AK2212010003330
20/10/2020;19:50;002AK2212010003331
20/10/2020;20:00;002AK2212010003332
20/10/2020;20:01;002AK2212010003333
20/10/2020;20:02;002AK2212010003334
20/10/2020;20:05;002AK2212010003335
20/10/2020;20:07;002AK2212010003336
20/10/2020;20:11;002AK2212010003337
20/10/2020;20:18;002AK2212010003338
20/10/2020;20:21;002AK2212010003339
20/10/2020;20:30;002AK2212010003340
20/10/2020;20:32;002AK2212010003341
20/10/2020;20:32;002AK2212010003342
20/10/2020;20:36;002AK2212010003343
20/10/2020;20:43;002AK2212010003344
20/10/2020;20:51;002AK2212010003345
20/10/2020;21:01;002AK2212010003346
20/10/2020;21:04;002AK2212010003347
21/10/2020;07:17;002AK2212010003348
21/10/2020;07:26;002AK2212010003349
21/10/2020;07:27;002AK2212010003350
21/10/2020;07:29;002AK2212010003351
21/10/2020;07:34;002AK2212010003352
21/10/2020;07:37;002AK2212010003353
21/10/2020;07:43;002AK2212010003354
21/10/2020;07:49;002AK2212010003355
21/10/2020;07:56;002AK2212010003356
21/10/2020;08:06;002AK2212010003357
21/10/2020;08:08;002AK2212010003358
21/10/2020;08:18;002AK2212010003359
21/10/2020;08:31;002AK2212010003360
21/10/2020;08:42;002AK2212010003361
21/10/2020;08:49;002AK2212010003362
21/10/2020;09:04;002AK2212010003363
21/10/2020;09:12;002AK2212010003364
21/10/2020;09:15;002AK2212010003365
21/10/2020;09:16;002AK2212010003366
21/10/2020;09:24;002AK2212010003367
21/10/2020;09:27;002AK2212010003368
21/10/2020;09:31;002AK2212010003369
21/10/2020;09:34;002AK2212010003370
21/10/2020;09:53;002AK2212010003371
21/10/2020;09:55;002AK2212010003372
21/10/2020;09:58;002AK2212010003373
21/10/2020;10:01;002AK2212010003374
21/10/2020;10:02;002AK2212010003375
21/10/2020;10:05;002AK2212010003376
21/10/2020;10:19;002AK2212010003377
21/10/2020;10:21;002AK2212010003378
21/10/2020;10:29;002AK2212010003379
21/10/2020;11:02;002AK2212010003380
21/10/2020;11:08;002AK2212010003381
21/10/2020;11:11;002AK2212010003382
21/10/2020;11:15;002AK2212010003383
21/10/2020;11:16;002AK2212010003384
21/10/2020;11:19;002AK2212010003385
21/10/2020;11:21;002AK2212010003386
21/10/2020;11:30;002AK2212010003387
21/10/2020;11:35;002AK2212010003388
21/10/2020;11:41;002AK2212010003389
21/10/2020;11:44;002AK2212010003390
21/10/2020;11:46;002AK2212010003391
21/10/2020;11:56;002AK2212010003392
21/10/2020;12:09;002AK2212010003393
21/10/2020;12:15;002AK2212010003394
21/10/2020;12:16;002AK2212010003395
21/10/2020;12:30;002AK2212010003396
21/10/2020;12:31;002AK2212010003397
21/10/2020;12:41;002AK2212010003398
21/10/2020;12:47;002AK2212010003399
21/10/2020;13:01;002AK2212010003400
21/10/2020;13:09;002AK2212010003401
21/10/2020;13:12;002AK2212010003402
21/10/2020;13:13;002AK2212010003403
21/10/2020;13:22;002AK2212010003404
21/10/2020;13:31;002AK2212010003405
21/10/2020;13:32;002AK2212010003406
21/10/2020;13:34;002AK2212010003407
21/10/2020;13:44;002AK2212010003408
21/10/2020;13:48;002AK2212010003409
21/10/2020;13:53;002AK2212010003410
21/10/2020;13:58;002AK2212010003411
21/10/2020;13:59;002AK2212010003412
21/10/2020;14:05;002AK2212010003413
21/10/2020;14:22;002AK2212010003414
21/10/2020;14:38;002AK2212010003415
21/10/2020;14:40;002AK2212010003416
21/10/2020;14:41;002AK2212010003417
21/10/2020;14:50;002AK2212010003418
21/10/2020;14:52;002AK2212010003419
21/10/2020;15:20;002AK2212010003420
21/10/2020;15:23;002AK2212010003421
21/10/2020;15:24;002AK2212010003422
21/10/2020;15:26;002AK2212010003423
21/10/2020;15:30;002AK2212010003424
21/10/2020;15:36;002AK2212010003425
21/10/2020;15:39;002AK2212010003426
21/10/2020;15:44;002AK2212010003427
21/10/2020;15:45;002AK2212010003428
21/10/2020;15:56;002AK2212010003429
21/10/2020;16:03;002AK2212010003430
21/10/2020;16:04;002AK2212010003431
21/10/2020;16:11;002AK2212010003432
21/10/2020;16:16;002AK2212010003433
21/10/2020;16:21;002AK2212010003434
21/10/2020;16:22;002AK2212010003435
21/10/2020;16:23;002AK2212010003436
21/10/2020;16:31;002AK2212010003437
21/10/2020;16:36;002AK2212010003438
21/10/2020;16:39;002AK2212010003439
21/10/2020;16:42;002AK2212010003440
21/10/2020;16:54;002AK2212010003441
21/10/2020;16:56;002AK2212010003442
21/10/2020;16:57;002AK2212010003443
21/10/2020;17:02;002AK2212010003444
21/10/2020;17:03;002AK2212010003445
21/10/2020;17:07;002AK2212010003446
21/10/2020;17:09;002AK2212010003447
21/10/2020;17:10;002AK2212010003448
21/10/2020;17:17;002AK2212010003449
21/10/2020;17:18;002AK2212010003450
21/10/2020;17:20;002AK2212010003451
21/10/2020;17:22;002AK2212010003452
21/10/2020;17:26;002AK2212010003453
21/10/2020;17:28;002AK2212010003454
21/10/2020;17:37;002AK2212010003455
21/10/2020;17:40;002AK2212010003456
21/10/2020;17:42;002AK2212010003457
21/10/2020;17:45;002AK2212010003458
21/10/2020;17:49;002AK2212010003459
21/10/2020;17:53;002AK2212010003460
21/10/2020;17:57;002AK2212010003461
21/10/2020;17:58;002AK2212010003462
21/10/2020;18:00;002AK2212010003463
21/10/2020;18:03;002AK2212010003464
21/10/2020;18:04;002AK2212010003465
21/10/2020;18:06;002AK2212010003466
21/10/2020;18:07;002AK2212010003467
21/10/2020;18:08;002AK2212010003468
21/10/2020;18:09;002AK2212010003469
21/10/2020;18:15;002AK2212010003470
21/10/2020;18:29;002AK2212010003471
21/10/2020;18:31;002AK2212010003472
21/10/2020;18:31;002AK2212010003473
21/10/2020;18:33;002AK2212010003474
21/10/2020;18:38;002AK2212010003475
21/10/2020;18:40;002AK2212010003476
21/10/2020;18:45;002AK2212010003477
21/10/2020;18:48;002AK2212010003478
21/10/2020;18:51;002AK2212010003479
21/10/2020;18:56;002AK2212010003480
21/10/2020;19:01;002AK2212010003481
21/10/2020;19:03;002AK2212010003482
21/10/2020;19:05;002AK2212010003483
21/10/2020;19:18;002AK2212010003484
21/10/2020;19:23;002AK2212010003485
21/10/2020;19:26;002AK2212010003486
21/10/2020;19:27;002AK2212010003487
21/10/2020;19:33;002AK2212010003488
21/10/2020;19:33;002AK2212010003489
21/10/2020;19:34;002AK2212010003490
21/10/2020;19:37;002AK2212010003491
21/10/2020;19:43;002AK2212010003492
21/10/2020;19:45;002AK2212010003493
21/10/2020;19:49;002AK2212010003494
21/10/2020;19:53;002AK2212010003495
21/10/2020;19:57;002AK2212010003496
21/10/2020;20:00;002AK2212010003497
21/10/2020;20:10;002AK2212010003498
21/10/2020;20:11;002AK2212010003499
21/10/2020;20:17;002AK2212010003500
21/10/2020;20:19;002AK2212010003501
21/10/2020;20:23;002AK2212010003502
21/10/2020;20:27;002AK2212010003503
21/10/2020;20:46;002AK2212010003504
21/10/2020;20:46;002AK2212010003505
21/10/2020;20:52;002AK2212010003506
21/10/2020;20:53;002AK2212010003507
21/10/2020;21:02;002AK2212010003508
21/10/2020;21:03;002AK2212010003509
21/10/2020;21:09;002AK2212010003510
22/10/2020;07:02;002AK2212010003511
22/10/2020;07:05;002AK2212010003512
22/10/2020;07:06;002AK2212010003513
22/10/2020;07:31;002AK2212010003514
22/10/2020;07:43;002AK2212010003515
22/10/2020;07:45;002AK2212010003516
22/10/2020;07:48;002AK2212010003517
22/10/2020;07:53;002AK2212010003518
22/10/2020;08:07;002AK2212010003519
22/10/2020;08:23;002AK2212010003520
22/10/2020;08:28;002AK2212010003521
22/10/2020;08:29;002AK2212010003522
22/10/2020;08:33;002AK2212010003523
22/10/2020;08:34;002AK2212010003524
22/10/2020;08:35;002AK2212010003525
22/10/2020;08:38;002AK2212010003526
22/10/2020;08:40;002AK2212010003527
22/10/2020;08:42;002AK2212010003528
22/10/2020;08:44;002AK2212010003529
22/10/2020;08:47;002AK2212010003530
22/10/2020;08:56;002AK2212010003531
22/10/2020;09:05;002AK2212010003532
22/10/2020;09:16;002AK2212010003533
22/10/2020;09:20;002AK2212010003534
22/10/2020;09:21;002AK2212010003535
22/10/2020;09:22;002AK2212010003536
22/10/2020;09:28;002AK2212010003537
22/10/2020;09:37;002AK2212010003538
22/10/2020;09:48;002AK2212010003539
22/10/2020;09:51;002AK2212010003540
22/10/2020;09:54;002AK2212010003541
22/10/2020;10:04;002AK2212010003542
22/10/2020;10:07;002AK2212010003543
22/10/2020;10:14;002AK2212010003544
22/10/2020;10:17;002AK2212010003545
22/10/2020;10:21;002AK2212010003546
22/10/2020;10:32;002AK2212010003547
22/10/2020;10:39;002AK2212010003548
22/10/2020;10:43;002AK2212010003549
22/10/2020;10:46;002AK2212010003550
22/10/2020;10:51;002AK2212010003551
22/10/2020;10:54;002AK2212010003552
22/10/2020;11:05;002AK2212010003553
22/10/2020;11:06;002AK2212010003554
22/10/2020;11:13;002AK2212010003555
22/10/2020;11:15;002AK2212010003556
22/10/2020;11:22;002AK2212010003557
22/10/2020;11:23;002AK2212010003558
22/10/2020;11:27;002AK2212010003559
22/10/2020;11:40;002AK2212010003560
22/10/2020;11:42;002AK2212010003561
22/10/2020;11:48;002AK2212010003562
22/10/2020;11:50;002AK2212010003563
22/10/2020;11:57;002AK2212010003564
22/10/2020;11:59;002AK2212010003565
22/10/2020;12:01;002AK2212010003566
22/10/2020;12:01;002AK2212010003567
22/10/2020;12:06;002AK2212010003568
22/10/2020;12:12;002AK2212010003569
22/10/2020;12:12;002AK2212010003570
22/10/2020;12:14;002AK2212010003571
22/10/2020;12:25;002AK2212010003572
22/10/2020;12:30;002AK2212010003573
22/10/2020;12:32;002AK2212010003574
22/10/2020;12:57;002AK2212010003575
22/10/2020;13:17;002AK2212010003576
22/10/2020;13:18;002AK2212010003577
22/10/2020;13:19;002AK2212010003578
22/10/2020;13:26;002AK2212010003579
22/10/2020;13:28;002AK2212010003580
22/10/2020;13:30;002AK2212010003581
22/10/2020;13:35;002AK2212010003582
22/10/2020;13:42;002AK2212010003583
22/10/2020;13:44;002AK2212010003584
22/10/2020;13:46;002AK2212010003585
22/10/2020;13:49;002AK2212010003586
22/10/2020;13:50;002AK2212010003587
22/10/2020;13:51;002AK2212010003588
22/10/2020;13:54;002AK2212010003589
22/10/2020;13:57;002AK2212010003590
22/10/2020;14:05;002AK2212010003591
22/10/2020;14:09;002AK2212010003592
22/10/2020;14:12;002AK2212010003593
22/10/2020;14:18;002AK2212010003594
22/10/2020;14:21;002AK2212010003595
22/10/2020;14:28;002AK2212010003596
22/10/2020;14:30;002AK2212010003597
22/10/2020;14:37;002AK2212010003598
22/10/2020;14:58;002AK2212010003599
22/10/2020;15:00;002AK2212010003600
22/10/2020;15:08;002AK2212010003601
22/10/2020;15:15;002AK2212010003602
22/10/2020;15:45;002AK2212010003603
22/10/2020;15:47;002AK2212010003604
22/10/2020;15:47;002AK2212010003605
22/10/2020;15:51;002AK2212010003606
22/10/2020;15:59;002AK2212010003607
22/10/2020;16:07;002AK2212010003608
22/10/2020;16:10;002AK2212010003609
22/10/2020;16:17;002AK2212010003610
22/10/2020;16:22;002AK2212010003611
22/10/2020;16:28;002AK2212010003612
22/10/2020;16:29;002AK2212010003613
22/10/2020;16:50;002AK2212010003614
22/10/2020;16:55;002AK2212010003615
22/10/2020;17:01;002AK2212010003616
22/10/2020;17:04;002AK2212010003617
22/10/2020;17:10;002AK2212010003618
22/10/2020;17:12;002AK2212010003619
22/10/2020;17:14;002AK2212010003620
22/10/2020;17:17;002AK2212010003621
22/10/2020;17:24;002AK2212010003622
22/10/2020;17:31;002AK2212010003623
22/10/2020;17:34;002AK2212010003624
22/10/2020;17:35;002AK2212010003625
22/10/2020;17:36;002AK2212010003626
22/10/2020;17:42;002AK2212010003627
22/10/2020;17:42;002AK2212010003628
22/10/2020;18:02;002AK2212010003629
22/10/2020;18:02;002AK2212010003630
22/10/2020;18:03;002AK2212010003631
22/10/2020;18:03;002AK2212010003632
22/10/2020;18:07;002AK2212010003633
22/10/2020;18:09;002AK2212010003634
22/10/2020;18:16;002AK2212010003635
22/10/2020;18:18;002AK2212010003636
22/10/2020;18:23;002AK2212010003637
22/10/2020;18:24;002AK2212010003638
22/10/2020;18:25;002AK2212010003639
22/10/2020;18:31;002AK2212010003640
22/10/2020;18:38;002AK2212010003641
22/10/2020;18:41;002AK2212010003642
22/10/2020;18:43;002AK2212010003643
22/10/2020;18:46;002AK2212010003644
22/10/2020;18:49;002AK2212010003645
22/10/2020;18:56;002AK2212010003646
22/10/2020;18:56;002AK2212010003647
22/10/2020;19:02;002AK2212010003648
22/10/2020;19:07;002AK2212010003649
22/10/2020;19:08;002AK2212010003650
22/10/2020;19:10;002AK2212010003651
22/10/2020;19:12;002AK2212010003652
22/10/2020;19:21;002AK2212010003653
22/10/2020;19:41;002AK2212010003654
22/10/2020;19:47;002AK2212010003655
22/10/2020;20:06;002AK2212010003656
22/10/2020;20:07;002AK2212010003657
22/10/2020;20:10;002AK2212010003658
22/10/2020;20:13;002AK2212010003659
22/10/2020;20:14;002AK2212010003660
22/10/2020;20:18;002AK2212010003661
22/10/2020;20:24;002AK2212010003662
22/10/2020;20:27;002AK2212010003663
22/10/2020;20:36;002AK2212010003664
22/10/2020;20:40;002AK2212010003665
22/10/2020;20:54;002AK2212010003666
22/10/2020;20:56;002AK2212010003667
22/10/2020;21:00;002AK2212010003668
23/10/2020;07:32;002AK2212010003669
23/10/2020;07:34;002AK2212010003670
23/10/2020;07:38;002AK2212010003671
23/10/2020;07:56;002AK2212010003672
23/10/2020;07:58;002AK2212010003673
23/10/2020;08:01;002AK2212010003674
23/10/2020;08:02;002AK2212010003675
23/10/2020;08:12;002AK2212010003676
23/10/2020;08:12;002AK2212010003677
23/10/2020;08:14;002AK2212010003678
23/10/2020;08:15;002AK2212010003679
23/10/2020;08:21;002AK2212010003680
23/10/2020;08:25;002AK2212010003681
23/10/2020;08:34;002AK2212010003682
23/10/2020;08:36;002AK2212010003683
23/10/2020;08:40;002AK2212010003684
23/10/2020;08:44;002AK2212010003685
23/10/2020;08:48;002AK2212010003686
23/10/2020;08:53;002AK2212010003687
23/10/2020;08:55;002AK2212010003688
23/10/2020;09:00;002AK2212010003689
23/10/2020;09:03;002AK2212010003690
23/10/2020;09:06;002AK2212010003691
23/10/2020;09:19;002AK2212010003692
23/10/2020;09:22;002AK2212010003693
23/10/2020;09:25;002AK2212010003694
23/10/2020;09:33;002AK2212010003695
23/10/2020;09:34;002AK2212010003696
23/10/2020;09:35;002AK2212010003697
23/10/2020;09:46;002AK2212010003698
23/10/2020;09:48;002AK2212010003699
23/10/2020;09:51;002AK2212010003700
23/10/2020;09:53;002AK2212010003701
23/10/2020;10:10;002AK2212010003702
23/10/2020;10:11;002AK2212010003703
23/10/2020;10:13;002AK2212010003704
23/10/2020;10:18;002AK2212010003705
23/10/2020;10:20;002AK2212010003706
23/10/2020;10:34;002AK2212010003707
23/10/2020;10:40;002AK2212010003708
23/10/2020;10:41;002AK2212010003709
23/10/2020;10:49;002AK2212010003710
23/10/2020;10:53;002AK2212010003711
23/10/2020;10:54;002AK2212010003712
23/10/2020;11:00;002AK2212010003713
23/10/2020;11:06;002AK2212010003714
23/10/2020;11:13;002AK2212010003715
23/10/2020;11:14;002AK2212010003716
23/10/2020;11:17;002AK2212010003717
23/10/2020;11:19;002AK2212010003718
23/10/2020;11:29;002AK2212010003719
23/10/2020;11:30;002AK2212010003720
23/10/2020;11:37;002AK2212010003721
23/10/2020;11:39;002AK2212010003722
23/10/2020;11:42;002AK2212010003723
23/10/2020;11:45;002AK2212010003724
23/10/2020;11:51;002AK2212010003725
23/10/2020;11:55;002AK2212010003726
23/10/2020;11:56;002AK2212010003727
23/10/2020;11:58;002AK2212010003728
23/10/2020;12:02;002AK2212010003729
23/10/2020;12:05;002AK2212010003730
23/10/2020;12:08;002AK2212010003731
23/10/2020;12:10;002AK2212010003732
23/10/2020;12:11;002AK2212010003733
23/10/2020;12:12;002AK2212010003734
23/10/2020;12:15;002AK2212010003735
23/10/2020;12:24;002AK2212010003736
23/10/2020;12:26;002AK2212010003737
23/10/2020;12:27;002AK2212010003738
23/10/2020;12:28;002AK2212010003739
23/10/2020;12:33;002AK2212010003740
23/10/2020;12:34;002AK2212010003741
23/10/2020;12:34;002AK2212010003742
23/10/2020;12:44;002AK2212010003743
23/10/2020;12:49;002AK2212010003744
23/10/2020;12:53;002AK2212010003745
23/10/2020;12:53;002AK2212010003746
23/10/2020;12:54;002AK2212010003747
23/10/2020;12:55;002AK2212010003748
23/10/2020;12:56;002AK2212010003749
23/10/2020;12:57;002AK2212010003750
23/10/2020;13:01;002AK2212010003751
23/10/2020;13:02;002AK2212010003752
23/10/2020;13:07;002AK2212010003753
23/10/2020;13:15;002AK2212010003754
23/10/2020;13:21;002AK2212010003755
23/10/2020;13:28;002AK2212010003756
23/10/2020;13:31;002AK2212010003757
23/10/2020;13:32;002AK2212010003758
23/10/2020;13:35;002AK2212010003759
23/10/2020;13:48;002AK2212010003760
23/10/2020;13:54;002AK2212010003761
23/10/2020;14:05;002AK2212010003762
23/10/2020;14:27;002AK2212010003763
23/10/2020;14:34;002AK2212010003764
23/10/2020;14:44;002AK2212010003765
23/10/2020;14:49;002AK2212010003766
23/10/2020;14:54;002AK2212010003767
23/10/2020;15:12;002AK2212010003768
23/10/2020;15:13;002AK2212010003769
23/10/2020;15:28;002AK2212010003770
23/10/2020;15:36;002AK2212010003771
23/10/2020;15:52;002AK2212010003772
23/10/2020;16:02;002AK2212010003773
23/10/2020;16:15;002AK2212010003774
23/10/2020;16:21;002AK2212010003775
23/10/2020;16:27;002AK2212010003776
23/10/2020;16:28;002AK2212010003777
23/10/2020;16:30;002AK2212010003778
23/10/2020;16:32;002AK2212010003779
23/10/2020;16:34;002AK2212010003780
23/10/2020;16:39;002AK2212010003781
23/10/2020;16:45;002AK2212010003782
23/10/2020;16:51;002AK2212010003783
23/10/2020;17:03;002AK2212010003784
23/10/2020;17:05;002AK2212010003785
23/10/2020;17:06;002AK2212010003786
23/10/2020;17:08;002AK2212010003787
23/10/2020;17:11;002AK2212010003788
23/10/2020;17:11;002AK2212010003789
23/10/2020;17:12;002AK2212010003790
23/10/2020;17:13;002AK2212010003791
23/10/2020;17:17;002AK2212010003792
23/10/2020;17:27;002AK2212010003793
23/10/2020;17:28;002AK2212010003794
23/10/2020;17:31;002AK2212010003795
23/10/2020;17:33;002AK2212010003796
23/10/2020;17:34;002AK2212010003797
23/10/2020;17:40;002AK2212010003798
23/10/2020;17:56;002AK2212010003799
23/10/2020;17:59;002AK2212010003800
23/10/2020;18:01;002AK2212010003801
23/10/2020;18:06;002AK2212010003802
23/10/2020;18:40;002AK2212010003803
23/10/2020;18:56;002AK2212010003804
23/10/2020;19:09;002AK2212010003805
23/10/2020;19:27;002AK2212010003806
23/10/2020;19:33;002AK2212010003807
23/10/2020;19:57;002AK2212010003808
23/10/2020;20:04;002AK2212010003809
23/10/2020;20:11;002AK2212010003810
23/10/2020;20:12;002AK2212010003811
23/10/2020;20:17;002AK2212010003812
23/10/2020;20:27;002AK2212010003813
23/10/2020;21:01;002AK2212010003814
24/10/2020;07:05;002AK2212010003815
24/10/2020;07:43;002AK2212010003816
24/10/2020;07:50;002AK2212010003817
24/10/2020;07:51;002AK2212010003818
24/10/2020;07:53;002AK2212010003819
24/10/2020;07:55;002AK2212010003820
24/10/2020;08:17;002AK2212010003821
24/10/2020;08:18;002AK2212010003822
24/10/2020;08:25;002AK2212010003823
24/10/2020;08:32;002AK2212010003824
24/10/2020;08:37;002AK2212010003825
24/10/2020;08:44;002AK2212010003826
24/10/2020;08:46;002AK2212010003827
24/10/2020;08:49;002AK2212010003828
24/10/2020;08:54;002AK2212010003829
24/10/2020;09:05;002AK2212010003830
24/10/2020;09:16;002AK2212010003831
24/10/2020;09:17;002AK2212010003832
24/10/2020;09:25;002AK2212010003833
24/10/2020;09:36;002AK2212010003834
24/10/2020;09:39;002AK2212010003835
24/10/2020;09:47;002AK2212010003836
24/10/2020;09:57;002AK2212010003837
24/10/2020;09:58;002AK2212010003838
24/10/2020;09:59;002AK2212010003839
24/10/2020;10:05;002AK2212010003840
24/10/2020;10:09;002AK2212010003841
24/10/2020;10:25;002AK2212010003842
24/10/2020;10:30;002AK2212010003843
24/10/2020;10:34;002AK2212010003844
24/10/2020;10:36;002AK2212010003845
24/10/2020;10:44;002AK2212010003846
24/10/2020;10:45;002AK2212010003847
24/10/2020;10:47;002AK2212010003848
24/10/2020;10:50;002AK2212010003849
24/10/2020;10:50;002AK2212010003850
24/10/2020;10:52;002AK2212010003851
24/10/2020;10:59;002AK2212010003852
24/10/2020;11:00;002AK2212010003853
24/10/2020;11:02;002AK2212010003854
24/10/2020;11:07;002AK2212010003855
24/10/2020;11:08;002AK2212010003856
24/10/2020;11:13;002AK2212010003857
24/10/2020;11:15;002AK2212010003858
24/10/2020;11:17;002AK2212010003859
24/10/2020;11:22;002AK2212010003860
24/10/2020;11:23;002AK2212010003861
24/10/2020;11:27;002AK2212010003862
24/10/2020;11:33;002AK2212010003863
24/10/2020;11:39;002AK2212010003864
24/10/2020;11:40;002AK2212010003865
24/10/2020;11:44;002AK2212010003866
24/10/2020;11:50;002AK2212010003867
24/10/2020;11:51;002AK2212010003868
24/10/2020;11:53;002AK2212010003869
24/10/2020;11:58;002AK2212010003870
24/10/2020;12:01;002AK2212010003871
24/10/2020;12:15;002AK2212010003872
24/10/2020;12:17;002AK2212010003873
24/10/2020;12:21;002AK2212010003874
24/10/2020;12:23;002AK2212010003875
24/10/2020;12:29;002AK2212010003876
24/10/2020;12:46;002AK2212010003877
24/10/2020;13:05;002AK2212010003878
24/10/2020;13:08;002AK2212010003879
24/10/2020;13:12;002AK2212010003880
24/10/2020;13:13;002AK2212010003881
24/10/2020;13:28;002AK2212010003882
24/10/2020;13:37;002AK2212010003883
24/10/2020;13:47;002AK2212010003884
24/10/2020;13:52;002AK2212010003885
24/10/2020;13:55;002AK2212010003886
24/10/2020;13:57;002AK2212010003887
24/10/2020;14:10;002AK2212010003888
24/10/2020;14:21;002AK2212010003889
24/10/2020;14:25;002AK2212010003890
24/10/2020;14:30;002AK2212010003891
24/10/2020;14:39;002AK2212010003892
24/10/2020;14:44;002AK2212010003893
24/10/2020;14:50;002AK2212010003894
24/10/2020;14:57;002AK2212010003895
24/10/2020;15:04;002AK2212010003896
24/10/2020;15:08;002AK2212010003897
24/10/2020;15:16;002AK2212010003898
24/10/2020;15:27;002AK2212010003899
24/10/2020;15:30;002AK2212010003900
24/10/2020;15:31;002AK2212010003901
24/10/2020;15:35;002AK2212010003902
24/10/2020;15:44;002AK2212010003903
24/10/2020;15:47;002AK2212010003904
24/10/2020;15:51;002AK2212010003905
24/10/2020;15:52;002AK2212010003906
24/10/2020;15:54;002AK2212010003907
24/10/2020;15:58;002AK2212010003908
24/10/2020;16:02;002AK2212010003909
24/10/2020;16:06;002AK2212010003910
24/10/2020;16:17;002AK2212010003911
24/10/2020;16:23;002AK2212010003912
24/10/2020;16:25;002AK2212010003913
24/10/2020;16:28;002AK2212010003914
24/10/2020;16:33;002AK2212010003915
24/10/2020;16:42;002AK2212010003916
24/10/2020;16:48;002AK2212010003917
24/10/2020;16:49;002AK2212010003918
24/10/2020;16:50;002AK2212010003919
24/10/2020;16:52;002AK2212010003920
24/10/2020;16:52;002AK2212010003921
24/10/2020;17:00;002AK2212010003922
24/10/2020;17:06;002AK2212010003923
24/10/2020;17:18;002AK2212010003924
24/10/2020;17:24;002AK2212010003925
24/10/2020;17:27;002AK2212010003926
24/10/2020;17:27;002AK2212010003927
24/10/2020;17:28;002AK2212010003928
24/10/2020;17:31;002AK2212010003929
24/10/2020;17:35;002AK2212010003930
24/10/2020;17:42;002AK2212010003931
24/10/2020;17:44;002AK2212010003932
24/10/2020;17:49;002AK2212010003933
24/10/2020;17:52;002AK2212010003934
24/10/2020;17:53;002AK2212010003935
24/10/2020;17:57;002AK2212010003936
24/10/2020;17:59;002AK2212010003937
24/10/2020;18:02;002AK2212010003938
24/10/2020;18:05;002AK2212010003939
24/10/2020;18:05;002AK2212010003940
24/10/2020;18:07;002AK2212010003941
24/10/2020;18:10;002AK2212010003942
24/10/2020;18:24;002AK2212010003943
24/10/2020;18:27;002AK2212010003944
24/10/2020;18:28;002AK2212010003945
24/10/2020;18:32;002AK2212010003946
24/10/2020;18:33;002AK2212010003947
24/10/2020;18:46;002AK2212010003948
24/10/2020;18:51;002AK2212010003949
24/10/2020;18:57;002AK2212010003950
24/10/2020;19:01;002AK2212010003951
24/10/2020;19:02;002AK2212010003952
24/10/2020;19:03;002AK2212010003953
24/10/2020;19:14;002AK2212010003954
24/10/2020;19:16;002AK2212010003955
24/10/2020;19:17;002AK2212010003956
24/10/2020;19:31;002AK2212010003957
24/10/2020;19:41;002AK2212010003958
24/10/2020;19:42;002AK2212010003959
24/10/2020;19:51;002AK2212010003960
24/10/2020;20:01;002AK2212010003961
24/10/2020;20:05;002AK2212010003962
24/10/2020;20:09;002AK2212010003963
24/10/2020;20:11;002AK2212010003964
24/10/2020;20:18;002AK2212010003965
24/10/2020;20:21;002AK2212010003966
24/10/2020;20:29;002AK2212010003967
24/10/2020;20:45;002AK2212010003968
24/10/2020;20:47;002AK2212010003969
24/10/2020;20:53;002AK2212010003970
25/10/2020;07:51;002AK2212010003971
25/10/2020;07:54;002AK2212010003972
25/10/2020;08:03;002AK2212010003973
25/10/2020;08:10;002AK2212010003974
25/10/2020;08:16;002AK2212010003975
25/10/2020;08:28;002AK2212010003976
25/10/2020;08:36;002AK2212010003977
25/10/2020;08:43;002AK2212010003978
25/10/2020;08:48;002AK2212010003979
25/10/2020;08:53;002AK2212010003980
25/10/2020;09:00;002AK2212010003981
25/10/2020;09:09;002AK2212010003982
25/10/2020;09:10;002AK2212010003983
25/10/2020;09:20;002AK2212010003984
25/10/2020;09:26;002AK2212010003985
25/10/2020;09:28;002AK2212010003986
25/10/2020;09:30;002AK2212010003987
25/10/2020;09:31;002AK2212010003988
25/10/2020;09:32;002AK2212010003989
25/10/2020;09:33;002AK2212010003990
25/10/2020;09:42;002AK2212010003991
25/10/2020;09:46;002AK2212010003992
25/10/2020;09:53;002AK2212010003993
25/10/2020;09:55;002AK2212010003994
25/10/2020;10:03;002AK2212010003995
25/10/2020;10:09;002AK2212010003996
25/10/2020;10:11;002AK2212010003997
25/10/2020;10:17;002AK2212010003998
25/10/2020;10:23;002AK2212010003999
25/10/2020;10:25;002AK2212010004000
25/10/2020;10:26;002AK2212010004001
25/10/2020;10:28;002AK2212010004002
25/10/2020;10:29;002AK2212010004003
25/10/2020;10:34;002AK2212010004004
25/10/2020;10:42;002AK2212010004005
25/10/2020;10:45;002AK2212010004006
25/10/2020;10:51;002AK2212010004007
25/10/2020;10:52;002AK2212010004008
25/10/2020;10:56;002AK2212010004009
25/10/2020;11:13;002AK2212010004010
25/10/2020;11:19;002AK2212010004011
25/10/2020;11:19;002AK2212010004012
25/10/2020;11:28;002AK2212010004013
25/10/2020;11:29;002AK2212010004014
25/10/2020;11:30;002AK2212010004015
25/10/2020;11:32;002AK2212010004016
25/10/2020;11:40;002AK2212010004017
25/10/2020;11:49;002AK2212010004018
25/10/2020;11:53;002AK2212010004019
25/10/2020;11:54;002AK2212010004020
25/10/2020;12:00;002AK2212010004021
25/10/2020;12:10;002AK2212010004022
25/10/2020;12:11;002AK2212010004023
25/10/2020;12:16;002AK2212010004024
25/10/2020;12:18;002AK2212010004025
25/10/2020;12:21;002AK2212010004026
25/10/2020;12:24;002AK2212010004027
25/10/2020;12:25;002AK2212010004028
25/10/2020;12:35;002AK2212010004029
25/10/2020;12:36;002AK2212010004030
25/10/2020;12:42;002AK2212010004031
25/10/2020;12:44;002AK2212010004032
25/10/2020;12:46;002AK2212010004033
25/10/2020;12:49;002AK2212010004034
25/10/2020;12:52;002AK2212010004035
25/10/2020;12:56;002AK2212010004036
25/10/2020;12:59;002AK2212010004037
25/10/2020;13:09;002AK2212010004038
25/10/2020;13:09;002AK2212010004039
25/10/2020;13:14;002AK2212010004040
25/10/2020;13:17;002AK2212010004041
25/10/2020;13:19;002AK2212010004042
25/10/2020;13:36;002AK2212010004043
25/10/2020;13:37;002AK2212010004044
25/10/2020;13:56;002AK2212010004045
25/10/2020;14:12;002AK2212010004046
25/10/2020;14:18;002AK2212010004047
25/10/2020;14:21;002AK2212010004048
25/10/2020;14:33;002AK2212010004049
25/10/2020;14:38;002AK2212010004050
25/10/2020;14:47;002AK2212010004051
25/10/2020;14:50;002AK2212010004052
25/10/2020;14:54;002AK2212010004053
25/10/2020;15:00;002AK2212010004054
25/10/2020;15:07;002AK2212010004055
25/10/2020;15:19;002AK2212010004056
25/10/2020;15:22;002AK2212010004057
25/10/2020;15:28;002AK2212010004058
25/10/2020;15:34;002AK2212010004059
25/10/2020;15:42;002AK2212010004060
25/10/2020;15:43;002AK2212010004061
25/10/2020;15:47;002AK2212010004062
25/10/2020;15:48;002AK2212010004063
25/10/2020;15:49;002AK2212010004064
25/10/2020;15:52;002AK2212010004065
25/10/2020;15:59;002AK2212010004066
25/10/2020;16:00;002AK2212010004067
25/10/2020;16:25;002AK2212010004068
25/10/2020;16:30;002AK2212010004069
25/10/2020;16:32;002AK2212010004070
25/10/2020;16:34;002AK2212010004071
25/10/2020;16:36;002AK2212010004072
25/10/2020;16:37;002AK2212010004073
25/10/2020;16:50;002AK2212010004074
25/10/2020;17:06;002AK2212010004075
25/10/2020;17:08;002AK2212010004076
25/10/2020;17:22;002AK2212010004077
25/10/2020;17:23;002AK2212010004078
25/10/2020;17:26;002AK2212010004079
25/10/2020;17:32;002AK2212010004080
25/10/2020;17:33;002AK2212010004081
25/10/2020;17:39;002AK2212010004082
25/10/2020;17:42;002AK2212010004083
25/10/2020;17:46;002AK2212010004084
25/10/2020;17:51;002AK2212010004085
25/10/2020;17:57;002AK2212010004086
25/10/2020;18:16;002AK2212010004087
25/10/2020;18:16;002AK2212010004088
25/10/2020;18:17;002AK2212010004089
25/10/2020;18:20;002AK2212010004090
25/10/2020;18:24;002AK2212010004091
25/10/2020;18:26;002AK2212010004092
25/10/2020;18:32;002AK2212010004093
25/10/2020;18:34;002AK2212010004094
25/10/2020;18:39;002AK2212010004095
25/10/2020;18:48;002AK2212010004096
25/10/2020;19:03;002AK2212010004097
25/10/2020;19:13;002AK2212010004098
25/10/2020;19:15;002AK2212010004099
25/10/2020;19:37;002AK2212010004100
25/10/2020;19:39;002AK2212010004101
25/10/2020;19:40;002AK2212010004102
25/10/2020;19:42;002AK2212010004103
25/10/2020;19:46;002AK2212010004104
25/10/2020;19:50;002AK2212010004105
25/10/2020;19:52;002AK2212010004106
25/10/2020;19:55;002AK2212010004107
25/10/2020;20:04;002AK2212010004108
25/10/2020;20:06;002AK2212010004109
25/10/2020;20:09;002AK2212010004110
25/10/2020;20:12;002AK2212010004111
25/10/2020;20:14;002AK2212010004112
25/10/2020;20:23;002AK2212010004113
25/10/2020;20:47;002AK2212010004114
25/10/2020;20:52;002AK2212010004115
25/10/2020;20:56;002AK2212010004116
20/10/2020;19:37;002AK2222010000020
21/10/2020;13:00;002AK2222010000021
21/10/2020;13:26;002AK2222010000022
21/10/2020;14:07;002AK2222010000023
24/10/2020;10:01;002AK2222010000024
19/10/2020;14:16;002AL2212010000412
19/10/2020;14:21;002AL2212010000413
19/10/2020;14:24;002AL2212010000414
19/10/2020;14:57;002AL2212010000415
19/10/2020;15:24;002AL2212010000416
19/10/2020;15:31;002AL2212010000417
19/10/2020;15:54;002AL2212010000418
19/10/2020;16:07;002AL2212010000419
19/10/2020;16:09;002AL2212010000420
19/10/2020;16:16;002AL2212010000421
19/10/2020;16:21;002AL2212010000422
19/10/2020;16:26;002AL2212010000423
19/10/2020;16:30;002AL2212010000424
19/10/2020;16:38;002AL2212010000425
19/10/2020;16:42;002AL2212010000426
19/10/2020;16:48;002AL2212010000427
19/10/2020;16:50;002AL2212010000428
19/10/2020;16:51;002AL2212010000429
19/10/2020;16:58;002AL2212010000430
19/10/2020;17:15;002AL2212010000431
19/10/2020;17:21;002AL2212010000432
19/10/2020;17:25;002AL2212010000433
19/10/2020;17:39;002AL2212010000434
19/10/2020;17:41;002AL2212010000435
19/10/2020;17:44;002AL2212010000436
19/10/2020;17:52;002AL2212010000437
19/10/2020;17:56;002AL2212010000438
19/10/2020;18:01;002AL2212010000439
19/10/2020;18:04;002AL2212010000440
19/10/2020;18:49;002AL2212010000441
19/10/2020;18:50;002AL2212010000442
19/10/2020;19:18;002AL2212010000443
19/10/2020;19:26;002AL2212010000444
19/10/2020;20:27;002AL2212010000445
19/10/2020;20:38;002AL2212010000446
20/10/2020;14:37;002AL2212010000447
20/10/2020;15:08;002AL2212010000448
20/10/2020;15:22;002AL2212010000449
20/10/2020;16:01;002AL2212010000450
20/10/2020;16:11;002AL2212010000451
20/10/2020;16:19;002AL2212010000452
20/10/2020;16:30;002AL2212010000453
20/10/2020;16:32;002AL2212010000454
20/10/2020;16:33;002AL2212010000455
20/10/2020;16:44;002AL2212010000456
20/10/2020;16:45;002AL2212010000457
20/10/2020;17:00;002AL2212010000458
20/10/2020;17:11;002AL2212010000459
20/10/2020;17:12;002AL2212010000460
20/10/2020;17:15;002AL2212010000461
20/10/2020;17:24;002AL2212010000462
20/10/2020;17:28;002AL2212010000463
20/10/2020;17:29;002AL2212010000464
20/10/2020;17:32;002AL2212010000465
20/10/2020;17:39;002AL2212010000466
20/10/2020;17:41;002AL2212010000467
20/10/2020;17:44;002AL2212010000468
20/10/2020;17:47;002AL2212010000469
20/10/2020;17:48;002AL2212010000470
20/10/2020;17:50;002AL2212010000471
20/10/2020;17:51;002AL2212010000472
20/10/2020;17:54;002AL2212010000473
20/10/2020;17:57;002AL2212010000474
20/10/2020;18:07;002AL2212010000475
20/10/2020;18:08;002AL2212010000476
20/10/2020;18:11;002AL2212010000477
20/10/2020;18:13;002AL2212010000478
20/10/2020;18:14;002AL2212010000479
20/10/2020;18:17;002AL2212010000480
20/10/2020;18:19;002AL2212010000481
20/10/2020;18:22;002AL2212010000482
20/10/2020;18:26;002AL2212010000483
20/10/2020;18:27;002AL2212010000484
20/10/2020;18:30;002AL2212010000485
20/10/2020;18:37;002AL2212010000486
20/10/2020;18:46;002AL2212010000487
20/10/2020;18:48;002AL2212010000488
20/10/2020;18:50;002AL2212010000489
20/10/2020;18:53;002AL2212010000490
20/10/2020;18:55;002AL2212010000491
20/10/2020;18:56;002AL2212010000492
20/10/2020;19:41;002AL2212010000493
20/10/2020;19:50;002AL2212010000494
20/10/2020;20:15;002AL2212010000495
20/10/2020;20:21;002AL2212010000496
20/10/2020;20:37;002AL2212010000497
21/10/2020;10:11;002AL2212010000498
21/10/2020;10:14;002AL2212010000499
21/10/2020;10:15;002AL2212010000500
21/10/2020;10:19;002AL2212010000501
21/10/2020;10:31;002AL2212010000502
21/10/2020;13:11;002AL2212010000503
21/10/2020;13:55;002AL2212010000504
21/10/2020;13:59;002AL2212010000505
21/10/2020;13:59;002AL2212010000506
21/10/2020;14:00;002AL2212010000507
21/10/2020;14:01;002AL2212010000508
21/10/2020;14:04;002AL2212010000509
21/10/2020;14:23;002AL2212010000510
21/10/2020;14:51;002AL2212010000511
21/10/2020;15:10;002AL2212010000512
21/10/2020;15:20;002AL2212010000513
21/10/2020;15:21;002AL2212010000514
21/10/2020;15:58;002AL2212010000515
21/10/2020;18:02;002AL2212010000516
21/10/2020;18:04;002AL2212010000517
21/10/2020;18:08;002AL2212010000518
21/10/2020;18:17;002AL2212010000519
21/10/2020;18:20;002AL2212010000520
21/10/2020;18:25;002AL2212010000521
21/10/2020;19:41;002AL2212010000522
21/10/2020;19:42;002AL2212010000523
21/10/2020;19:43;002AL2212010000524
21/10/2020;19:45;002AL2212010000525
21/10/2020;19:54;002AL2212010000526
21/10/2020;19:57;002AL2212010000527
21/10/2020;20:15;002AL2212010000528
21/10/2020;20:22;002AL2212010000529
21/10/2020;20:28;002AL2212010000530
21/10/2020;20:35;002AL2212010000531
21/10/2020;21:02;002AL2212010000532
22/10/2020;13:48;002AL2212010000533
22/10/2020;13:56;002AL2212010000534
22/10/2020;15:00;002AL2212010000535
22/10/2020;15:03;002AL2212010000536
22/10/2020;16:08;002AL2212010000537
22/10/2020;16:17;002AL2212010000538
22/10/2020;16:32;002AL2212010000539
22/10/2020;16:43;002AL2212010000540
22/10/2020;16:59;002AL2212010000541
22/10/2020;17:17;002AL2212010000542
22/10/2020;17:51;002AL2212010000543
22/10/2020;18:38;002AL2212010000544
22/10/2020;18:42;002AL2212010000545
22/10/2020;19:00;002AL2212010000546
22/10/2020;19:04;002AL2212010000547
22/10/2020;19:06;002AL2212010000548
22/10/2020;19:18;002AL2212010000549
22/10/2020;19:26;002AL2212010000550
22/10/2020;19:28;002AL2212010000551
22/10/2020;19:31;002AL2212010000552
22/10/2020;19:32;002AL2212010000553
22/10/2020;19:33;002AL2212010000554
22/10/2020;19:40;002AL2212010000555
22/10/2020;19:42;002AL2212010000556
22/10/2020;20:06;002AL2212010000557
23/10/2020;13:44;002AL2212010000558
23/10/2020;14:07;002AL2212010000559
23/10/2020;14:14;002AL2212010000560
23/10/2020;14:21;002AL2212010000561
23/10/2020;14:35;002AL2212010000562
23/10/2020;14:38;002AL2212010000563
23/10/2020;15:03;002AL2212010000564
23/10/2020;15:20;002AL2212010000565
23/10/2020;15:25;002AL2212010000566
23/10/2020;15:27;002AL2212010000567
23/10/2020;15:28;002AL2212010000568
23/10/2020;15:29;002AL2212010000569
23/10/2020;15:30;002AL2212010000570
23/10/2020;15:33;002AL2212010000571
23/10/2020;15:49;002AL2212010000572
23/10/2020;16:16;002AL2212010000573
23/10/2020;16:22;002AL2212010000574
23/10/2020;16:32;002AL2212010000575
23/10/2020;16:42;002AL2212010000576
23/10/2020;16:46;002AL2212010000577
23/10/2020;16:52;002AL2212010000578
23/10/2020;16:59;002AL2212010000579
23/10/2020;17:02;002AL2212010000580
23/10/2020;17:03;002AL2212010000581
23/10/2020;17:04;002AL2212010000582
23/10/2020;17:07;002AL2212010000583
23/10/2020;17:10;002AL2212010000584
23/10/2020;17:16;002AL2212010000585
23/10/2020;17:25;002AL2212010000586
23/10/2020;17:29;002AL2212010000587
23/10/2020;17:42;002AL2212010000588
23/10/2020;17:49;002AL2212010000589
23/10/2020;17:54;002AL2212010000590
23/10/2020;17:57;002AL2212010000591
23/10/2020;18:14;002AL2212010000592
23/10/2020;18:23;002AL2212010000593
23/10/2020;18:27;002AL2212010000594
23/10/2020;18:38;002AL2212010000595
23/10/2020;18:56;002AL2212010000596
23/10/2020;19:03;002AL2212010000597
24/10/2020;09:58;002AL2212010000598
24/10/2020;13:45;002AL2212010000599
24/10/2020;15:04;002AL2212010000600
24/10/2020;15:41;002AL2212010000601
24/10/2020;15:46;002AL2212010000602
24/10/2020;15:51;002AL2212010000603
24/10/2020;15:53;002AL2212010000604
24/10/2020;15:56;002AL2212010000605
24/10/2020;16:12;002AL2212010000606
24/10/2020;16:28;002AL2212010000607
24/10/2020;17:02;002AL2212010000608
24/10/2020;17:12;002AL2212010000609
24/10/2020;17:25;002AL2212010000610
24/10/2020;17:27;002AL2212010000611
24/10/2020;17:55;002AL2212010000612
24/10/2020;18:25;002AL2212010000613
24/10/2020;18:44;002AL2212010000614
24/10/2020;18:49;002AL2212010000615
24/10/2020;18:59;002AL2212010000616
24/10/2020;19:16;002AL2212010000617
24/10/2020;19:20;002AL2212010000618
24/10/2020;20:31;002AL2212010000619
24/10/2020;20:50;002AL2212010000620
25/10/2020;09:18;002AL2212010000621
25/10/2020;09:26;002AL2212010000622
25/10/2020;09:29;002AL2212010000623
25/10/2020;09:33;002AL2212010000624
25/10/2020;09:37;002AL2212010000625
25/10/2020;09:39;002AL2212010000626
25/10/2020;09:41;002AL2212010000627
25/10/2020;09:43;002AL2212010000628
25/10/2020;09:45;002AL2212010000629
25/10/2020;09:49;002AL2212010000630
25/10/2020;09:53;002AL2212010000631
25/10/2020;10:03;002AL2212010000632
25/10/2020;10:04;002AL2212010000633
25/10/2020;10:06;002AL2212010000634
25/10/2020;10:51;002AL2212010000635
25/10/2020;10:54;002AL2212010000636
25/10/2020;10:55;002AL2212010000637
25/10/2020;10:58;002AL2212010000638
25/10/2020;11:00;002AL2212010000639
25/10/2020;11:02;002AL2212010000640
25/10/2020;11:07;002AL2212010000641
25/10/2020;11:20;002AL2212010000642
25/10/2020;11:40;002AL2212010000643
25/10/2020;11:42;002AL2212010000644
25/10/2020;12:54;002AL2212010000645
25/10/2020;15:02;002AL2212010000646
25/10/2020;15:42;002AL2212010000647
25/10/2020;15:43;002AL2212010000648
25/10/2020;15:52;002AL2212010000649
25/10/2020;15:53;002AL2212010000650
25/10/2020;16:19;002AL2212010000651
25/10/2020;16:24;002AL2212010000652
25/10/2020;16:34;002AL2212010000653
25/10/2020;16:50;002AL2212010000654
25/10/2020;16:54;002AL2212010000655
25/10/2020;17:21;002AL2212010000656
25/10/2020;17:31;002AL2212010000657
25/10/2020;17:34;002AL2212010000658
25/10/2020;17:39;002AL2212010000659
25/10/2020;17:42;002AL2212010000660
25/10/2020;18:42;002AL2212010000661
25/10/2020;19:00;002AL2212010000662
25/10/2020;19:23;002AL2212010000663
25/10/2020;19:32;002AL2212010000664
25/10/2020;19:40;002AL2212010000665
25/10/2020;19:47;002AL2212010000666
25/10/2020;20:10;002AL2212010000667
23/10/2020;16:32;002CH2222010000001
